event_id,order_id,event,status
1,1,ส่งเข้า KDS,รอดำเนินการ
2,1,บาริสต้ารับออเดอร์,กำลังทำ
3,1,เรียกคิว,พร้อมรับ
4,1,ส่งมอบสำเร็จ,เสร็จสิ้น
5,2,ส่งเข้า KDS,รอดำเนินการ
6,2,บาริสต้ารับออเดอร์,กำลังทำ
7,2,เรียกคิว,พร้อมรับ
8,2,ส่งมอบสำเร็จ,เสร็จสิ้น
9,3,ส่งเข้า KDS,รอดำเนินการ
10,3,บาริสต้ารับออเดอร์,กำลังทำ
11,3,เรียกคิว,พร้อมรับ
12,3,ส่งมอบสำเร็จ,เสร็จสิ้น
13,4,ส่งเข้า KDS,รอดำเนินการ
14,4,บาริสต้ารับออเดอร์,กำลังทำ
15,4,เรียกคิว,พร้อมรับ
16,4,ส่งมอบสำเร็จ,เสร็จสิ้น
17,5,ส่งเข้า KDS,รอดำเนินการ
18,5,บาริสต้ารับออเดอร์,กำลังทำ
19,5,เรียกคิว,พร้อมรับ
20,5,ส่งมอบสำเร็จ,เสร็จสิ้น
21,6,ส่งเข้า KDS,รอดำเนินการ
22,6,บาริสต้ารับออเดอร์,กำลังทำ
23,6,เรียกคิว,พร้อมรับ
24,6,ส่งมอบสำเร็จ,เสร็จสิ้น
25,7,ส่งเข้า KDS,รอดำเนินการ
26,7,บาริสต้ารับออเดอร์,กำลังทำ
27,7,เรียกคิว,พร้อมรับ
28,7,ส่งมอบสำเร็จ,เสร็จสิ้น
29,8,ส่งเข้า KDS,รอดำเนินการ
30,8,บาริสต้ารับออเดอร์,กำลังทำ
31,8,เรียกคิว,พร้อมรับ
32,8,ส่งมอบสำเร็จ,เสร็จสิ้น
33,9,ส่งเข้า KDS,รอดำเนินการ
34,9,บาริสต้ารับออเดอร์,กำลังทำ
35,9,เรียกคิว,พร้อมรับ
36,9,ส่งมอบสำเร็จ,เสร็จสิ้น
37,10,ส่งเข้า KDS,รอดำเนินการ
38,10,บาริสต้ารับออเดอร์,กำลังทำ
39,10,เรียกคิว,พร้อมรับ
40,10,ส่งมอบสำเร็จ,เสร็จสิ้น
41,11,ส่งเข้า KDS,รอดำเนินการ
42,11,บาริสต้ารับออเดอร์,กำลังทำ
43,11,เรียกคิว,พร้อมรับ
44,11,ส่งมอบสำเร็จ,เสร็จสิ้น
45,12,ส่งเข้า KDS,รอดำเนินการ
46,12,บาริสต้ารับออเดอร์,กำลังทำ
47,12,เรียกคิว,พร้อมรับ
48,12,ส่งมอบสำเร็จ,เสร็จสิ้น
49,13,ส่งเข้า KDS,รอดำเนินการ
50,13,บาริสต้ารับออเดอร์,กำลังทำ
51,13,เรียกคิว,พร้อมรับ
52,13,ส่งมอบสำเร็จ,เสร็จสิ้น
53,14,ส่งเข้า KDS,รอดำเนินการ
54,14,บาริสต้ารับออเดอร์,กำลังทำ
55,14,เรียกคิว,พร้อมรับ
56,14,ส่งมอบสำเร็จ,เสร็จสิ้น
57,15,ส่งเข้า KDS,รอดำเนินการ
58,15,บาริสต้ารับออเดอร์,กำลังทำ
59,15,เรียกคิว,พร้อมรับ
60,15,ส่งมอบสำเร็จ,เสร็จสิ้น
61,16,ส่งเข้า KDS,รอดำเนินการ
62,16,บาริสต้ารับออเดอร์,กำลังทำ
63,16,เรียกคิว,พร้อมรับ
64,16,ส่งมอบสำเร็จ,เสร็จสิ้น
65,17,ส่งเข้า KDS,รอดำเนินการ
66,17,บาริสต้ารับออเดอร์,กำลังทำ
67,17,เรียกคิว,พร้อมรับ
68,17,ส่งมอบสำเร็จ,เสร็จสิ้น
69,18,ส่งเข้า KDS,รอดำเนินการ
70,18,บาริสต้ารับออเดอร์,กำลังทำ
71,18,เรียกคิว,พร้อมรับ
72,18,ส่งมอบสำเร็จ,เสร็จสิ้น
73,19,ส่งเข้า KDS,รอดำเนินการ
74,19,บาริสต้ารับออเดอร์,กำลังทำ
75,19,เรียกคิว,พร้อมรับ
76,19,ส่งมอบสำเร็จ,เสร็จสิ้น
77,20,ส่งเข้า KDS,รอดำเนินการ
78,20,บาริสต้ารับออเดอร์,กำลังทำ
79,20,เรียกคิว,พร้อมรับ
80,20,ส่งมอบสำเร็จ,เสร็จสิ้น
81,21,ส่งเข้า KDS,รอดำเนินการ
82,21,บาริสต้ารับออเดอร์,กำลังทำ
83,21,เรียกคิว,พร้อมรับ
84,21,ส่งมอบสำเร็จ,เสร็จสิ้น
85,22,ส่งเข้า KDS,รอดำเนินการ
86,22,บาริสต้ารับออเดอร์,กำลังทำ
87,22,เรียกคิว,พร้อมรับ
88,22,ส่งมอบสำเร็จ,เสร็จสิ้น
89,23,ส่งเข้า KDS,รอดำเนินการ
90,23,บาริสต้ารับออเดอร์,กำลังทำ
91,23,เรียกคิว,พร้อมรับ
92,23,ส่งมอบสำเร็จ,เสร็จสิ้น
93,24,ส่งเข้า KDS,รอดำเนินการ
94,24,บาริสต้ารับออเดอร์,กำลังทำ
95,24,เรียกคิว,พร้อมรับ
96,24,ส่งมอบสำเร็จ,เสร็จสิ้น
97,25,ส่งเข้า KDS,รอดำเนินการ
98,25,บาริสต้ารับออเดอร์,กำลังทำ
99,25,เรียกคิว,พร้อมรับ
100,25,ส่งมอบสำเร็จ,เสร็จสิ้น
101,26,ส่งเข้า KDS,รอดำเนินการ
102,26,บาริสต้ารับออเดอร์,กำลังทำ
103,26,เรียกคิว,พร้อมรับ
104,26,ส่งมอบสำเร็จ,เสร็จสิ้น
105,27,ส่งเข้า KDS,รอดำเนินการ
106,27,บาริสต้ารับออเดอร์,กำลังทำ
107,27,เรียกคิว,พร้อมรับ
108,27,ส่งมอบสำเร็จ,เสร็จสิ้น
109,28,ส่งเข้า KDS,รอดำเนินการ
110,28,บาริสต้ารับออเดอร์,กำลังทำ
111,28,เรียกคิว,พร้อมรับ
112,28,ส่งมอบสำเร็จ,เสร็จสิ้น
113,29,ส่งเข้า KDS,รอดำเนินการ
114,29,บาริสต้ารับออเดอร์,กำลังทำ
115,29,เรียกคิว,พร้อมรับ
116,29,ส่งมอบสำเร็จ,เสร็จสิ้น
117,30,ส่งเข้า KDS,รอดำเนินการ
118,30,บาริสต้ารับออเดอร์,กำลังทำ
119,30,เรียกคิว,พร้อมรับ
120,30,ส่งมอบสำเร็จ,เสร็จสิ้น
121,31,ส่งเข้า KDS,รอดำเนินการ
122,31,บาริสต้ารับออเดอร์,กำลังทำ
123,31,เรียกคิว,พร้อมรับ
124,31,ส่งมอบสำเร็จ,เสร็จสิ้น
125,32,ส่งเข้า KDS,รอดำเนินการ
126,32,บาริสต้ารับออเดอร์,กำลังทำ
127,32,เรียกคิว,พร้อมรับ
128,32,ส่งมอบสำเร็จ,เสร็จสิ้น
129,33,ส่งเข้า KDS,รอดำเนินการ
130,33,บาริสต้ารับออเดอร์,กำลังทำ
131,33,เรียกคิว,พร้อมรับ
132,33,ส่งมอบสำเร็จ,เสร็จสิ้น
133,34,ส่งเข้า KDS,รอดำเนินการ
134,34,บาริสต้ารับออเดอร์,กำลังทำ
135,34,เรียกคิว,พร้อมรับ
136,34,ส่งมอบสำเร็จ,เสร็จสิ้น
137,35,ส่งเข้า KDS,รอดำเนินการ
138,35,บาริสต้ารับออเดอร์,กำลังทำ
139,35,เรียกคิว,พร้อมรับ
140,35,ส่งมอบสำเร็จ,เสร็จสิ้น
141,36,ส่งเข้า KDS,รอดำเนินการ
142,36,บาริสต้ารับออเดอร์,กำลังทำ
143,36,เรียกคิว,พร้อมรับ
144,36,ส่งมอบสำเร็จ,เสร็จสิ้น
145,37,ส่งเข้า KDS,รอดำเนินการ
146,37,บาริสต้ารับออเดอร์,กำลังทำ
147,37,เรียกคิว,พร้อมรับ
148,37,ส่งมอบสำเร็จ,เสร็จสิ้น
149,38,ส่งเข้า KDS,รอดำเนินการ
150,38,บาริสต้ารับออเดอร์,กำลังทำ
151,38,เรียกคิว,พร้อมรับ
152,38,ส่งมอบสำเร็จ,เสร็จสิ้น
153,39,ส่งเข้า KDS,รอดำเนินการ
154,39,บาริสต้ารับออเดอร์,กำลังทำ
155,39,เรียกคิว,พร้อมรับ
156,39,ส่งมอบสำเร็จ,เสร็จสิ้น
157,40,ส่งเข้า KDS,รอดำเนินการ
158,40,บาริสต้ารับออเดอร์,กำลังทำ
159,40,เรียกคิว,พร้อมรับ
160,40,ส่งมอบสำเร็จ,เสร็จสิ้น
161,41,ส่งเข้า KDS,รอดำเนินการ
162,41,บาริสต้ารับออเดอร์,กำลังทำ
163,41,เรียกคิว,พร้อมรับ
164,41,ส่งมอบสำเร็จ,เสร็จสิ้น
165,42,ส่งเข้า KDS,รอดำเนินการ
166,42,บาริสต้ารับออเดอร์,กำลังทำ
167,42,เรียกคิว,พร้อมรับ
168,42,ส่งมอบสำเร็จ,เสร็จสิ้น
169,43,ส่งเข้า KDS,รอดำเนินการ
170,43,บาริสต้ารับออเดอร์,กำลังทำ
171,43,เรียกคิว,พร้อมรับ
172,43,ส่งมอบสำเร็จ,เสร็จสิ้น
173,44,ส่งเข้า KDS,รอดำเนินการ
174,44,บาริสต้ารับออเดอร์,กำลังทำ
175,44,เรียกคิว,พร้อมรับ
176,44,ส่งมอบสำเร็จ,เสร็จสิ้น
177,45,ส่งเข้า KDS,รอดำเนินการ
178,45,บาริสต้ารับออเดอร์,กำลังทำ
179,45,เรียกคิว,พร้อมรับ
180,45,ส่งมอบสำเร็จ,เสร็จสิ้น
181,46,ส่งเข้า KDS,รอดำเนินการ
182,46,บาริสต้ารับออเดอร์,กำลังทำ
183,46,เรียกคิว,พร้อมรับ
184,46,ส่งมอบสำเร็จ,เสร็จสิ้น
185,47,ส่งเข้า KDS,รอดำเนินการ
186,47,บาริสต้ารับออเดอร์,กำลังทำ
187,47,เรียกคิว,พร้อมรับ
188,47,ส่งมอบสำเร็จ,เสร็จสิ้น
189,48,ส่งเข้า KDS,รอดำเนินการ
190,48,บาริสต้ารับออเดอร์,กำลังทำ
191,48,เรียกคิว,พร้อมรับ
192,48,ส่งมอบสำเร็จ,เสร็จสิ้น
193,49,ส่งเข้า KDS,รอดำเนินการ
194,49,บาริสต้ารับออเดอร์,กำลังทำ
195,49,เรียกคิว,พร้อมรับ
196,49,ส่งมอบสำเร็จ,เสร็จสิ้น
197,50,ส่งเข้า KDS,รอดำเนินการ
198,50,บาริสต้ารับออเดอร์,กำลังทำ
199,50,เรียกคิว,พร้อมรับ
200,50,ส่งมอบสำเร็จ,เสร็จสิ้น
201,51,ส่งเข้า KDS,รอดำเนินการ
202,51,บาริสต้ารับออเดอร์,กำลังทำ
203,51,เรียกคิว,พร้อมรับ
204,51,ส่งมอบสำเร็จ,เสร็จสิ้น
205,52,ส่งเข้า KDS,รอดำเนินการ
206,52,บาริสต้ารับออเดอร์,กำลังทำ
207,52,เรียกคิว,พร้อมรับ
208,52,ส่งมอบสำเร็จ,เสร็จสิ้น
209,53,ส่งเข้า KDS,รอดำเนินการ
210,53,บาริสต้ารับออเดอร์,กำลังทำ
211,53,เรียกคิว,พร้อมรับ
212,53,ส่งมอบสำเร็จ,เสร็จสิ้น
213,54,ส่งเข้า KDS,รอดำเนินการ
214,54,บาริสต้ารับออเดอร์,กำลังทำ
215,54,เรียกคิว,พร้อมรับ
216,54,ส่งมอบสำเร็จ,เสร็จสิ้น
217,55,ส่งเข้า KDS,รอดำเนินการ
218,55,บาริสต้ารับออเดอร์,กำลังทำ
219,55,เรียกคิว,พร้อมรับ
220,55,ส่งมอบสำเร็จ,เสร็จสิ้น
221,56,ส่งเข้า KDS,รอดำเนินการ
222,56,บาริสต้ารับออเดอร์,กำลังทำ
223,56,เรียกคิว,พร้อมรับ
224,56,ส่งมอบสำเร็จ,เสร็จสิ้น
225,57,ส่งเข้า KDS,รอดำเนินการ
226,57,บาริสต้ารับออเดอร์,กำลังทำ
227,57,เรียกคิว,พร้อมรับ
228,57,ส่งมอบสำเร็จ,เสร็จสิ้น
229,58,ส่งเข้า KDS,รอดำเนินการ
230,58,บาริสต้ารับออเดอร์,กำลังทำ
231,58,เรียกคิว,พร้อมรับ
232,58,ส่งมอบสำเร็จ,เสร็จสิ้น
233,59,ส่งเข้า KDS,รอดำเนินการ
234,59,บาริสต้ารับออเดอร์,กำลังทำ
235,59,เรียกคิว,พร้อมรับ
236,59,ส่งมอบสำเร็จ,เสร็จสิ้น
237,60,ส่งเข้า KDS,รอดำเนินการ
238,60,บาริสต้ารับออเดอร์,กำลังทำ
239,60,เรียกคิว,พร้อมรับ
240,60,ส่งมอบสำเร็จ,เสร็จสิ้น
241,61,ส่งเข้า KDS,รอดำเนินการ
242,61,บาริสต้ารับออเดอร์,กำลังทำ
243,61,เรียกคิว,พร้อมรับ
244,61,ส่งมอบสำเร็จ,เสร็จสิ้น
245,62,ส่งเข้า KDS,รอดำเนินการ
246,62,บาริสต้ารับออเดอร์,กำลังทำ
247,62,เรียกคิว,พร้อมรับ
248,62,ส่งมอบสำเร็จ,เสร็จสิ้น
249,63,ส่งเข้า KDS,รอดำเนินการ
250,63,บาริสต้ารับออเดอร์,กำลังทำ
251,63,เรียกคิว,พร้อมรับ
252,63,ส่งมอบสำเร็จ,เสร็จสิ้น
253,64,ส่งเข้า KDS,รอดำเนินการ
254,64,บาริสต้ารับออเดอร์,กำลังทำ
255,64,เรียกคิว,พร้อมรับ
256,64,ส่งมอบสำเร็จ,เสร็จสิ้น
257,65,ส่งเข้า KDS,รอดำเนินการ
258,65,บาริสต้ารับออเดอร์,กำลังทำ
259,65,เรียกคิว,พร้อมรับ
260,65,ส่งมอบสำเร็จ,เสร็จสิ้น
261,66,ส่งเข้า KDS,รอดำเนินการ
262,66,บาริสต้ารับออเดอร์,กำลังทำ
263,66,เรียกคิว,พร้อมรับ
264,66,ส่งมอบสำเร็จ,เสร็จสิ้น
265,67,ส่งเข้า KDS,รอดำเนินการ
266,67,บาริสต้ารับออเดอร์,กำลังทำ
267,67,เรียกคิว,พร้อมรับ
268,67,ส่งมอบสำเร็จ,เสร็จสิ้น
269,68,ส่งเข้า KDS,รอดำเนินการ
270,68,บาริสต้ารับออเดอร์,กำลังทำ
271,68,เรียกคิว,พร้อมรับ
272,68,ส่งมอบสำเร็จ,เสร็จสิ้น
273,69,ส่งเข้า KDS,รอดำเนินการ
274,69,บาริสต้ารับออเดอร์,กำลังทำ
275,69,เรียกคิว,พร้อมรับ
276,69,ส่งมอบสำเร็จ,เสร็จสิ้น
277,70,ส่งเข้า KDS,รอดำเนินการ
278,70,บาริสต้ารับออเดอร์,กำลังทำ
279,70,เรียกคิว,พร้อมรับ
280,70,ส่งมอบสำเร็จ,เสร็จสิ้น
281,71,ส่งเข้า KDS,รอดำเนินการ
282,71,บาริสต้ารับออเดอร์,กำลังทำ
283,71,เรียกคิว,พร้อมรับ
284,71,ส่งมอบสำเร็จ,เสร็จสิ้น
285,72,ส่งเข้า KDS,รอดำเนินการ
286,72,บาริสต้ารับออเดอร์,กำลังทำ
287,72,เรียกคิว,พร้อมรับ
288,72,ส่งมอบสำเร็จ,เสร็จสิ้น
289,73,ส่งเข้า KDS,รอดำเนินการ
290,73,บาริสต้ารับออเดอร์,กำลังทำ
291,73,เรียกคิว,พร้อมรับ
292,73,ส่งมอบสำเร็จ,เสร็จสิ้น
293,74,ส่งเข้า KDS,รอดำเนินการ
294,74,บาริสต้ารับออเดอร์,กำลังทำ
295,74,เรียกคิว,พร้อมรับ
296,74,ส่งมอบสำเร็จ,เสร็จสิ้น
297,75,ส่งเข้า KDS,รอดำเนินการ
298,75,บาริสต้ารับออเดอร์,กำลังทำ
299,75,เรียกคิว,พร้อมรับ
300,75,ส่งมอบสำเร็จ,เสร็จสิ้น
301,76,ส่งเข้า KDS,รอดำเนินการ
302,76,บาริสต้ารับออเดอร์,กำลังทำ
303,76,เรียกคิว,พร้อมรับ
304,76,ส่งมอบสำเร็จ,เสร็จสิ้น
305,77,ส่งเข้า KDS,รอดำเนินการ
306,77,บาริสต้ารับออเดอร์,กำลังทำ
307,77,เรียกคิว,พร้อมรับ
308,77,ส่งมอบสำเร็จ,เสร็จสิ้น
309,78,ส่งเข้า KDS,รอดำเนินการ
310,78,บาริสต้ารับออเดอร์,กำลังทำ
311,78,เรียกคิว,พร้อมรับ
312,78,ส่งมอบสำเร็จ,เสร็จสิ้น
313,79,ส่งเข้า KDS,รอดำเนินการ
314,79,บาริสต้ารับออเดอร์,กำลังทำ
315,79,เรียกคิว,พร้อมรับ
316,79,ส่งมอบสำเร็จ,เสร็จสิ้น
317,80,ส่งเข้า KDS,รอดำเนินการ
318,80,บาริสต้ารับออเดอร์,กำลังทำ
319,80,เรียกคิว,พร้อมรับ
320,80,ส่งมอบสำเร็จ,เสร็จสิ้น
321,81,ส่งเข้า KDS,รอดำเนินการ
322,81,บาริสต้ารับออเดอร์,กำลังทำ
323,81,เรียกคิว,พร้อมรับ
324,81,ส่งมอบสำเร็จ,เสร็จสิ้น
325,82,ส่งเข้า KDS,รอดำเนินการ
326,82,บาริสต้ารับออเดอร์,กำลังทำ
327,82,เรียกคิว,พร้อมรับ
328,82,ส่งมอบสำเร็จ,เสร็จสิ้น
329,83,ส่งเข้า KDS,รอดำเนินการ
330,83,บาริสต้ารับออเดอร์,กำลังทำ
331,83,เรียกคิว,พร้อมรับ
332,83,ส่งมอบสำเร็จ,เสร็จสิ้น
333,84,ส่งเข้า KDS,รอดำเนินการ
334,84,บาริสต้ารับออเดอร์,กำลังทำ
335,84,เรียกคิว,พร้อมรับ
336,84,ส่งมอบสำเร็จ,เสร็จสิ้น
337,85,ส่งเข้า KDS,รอดำเนินการ
338,85,บาริสต้ารับออเดอร์,กำลังทำ
339,85,เรียกคิว,พร้อมรับ
340,85,ส่งมอบสำเร็จ,เสร็จสิ้น
341,86,ส่งเข้า KDS,รอดำเนินการ
342,86,บาริสต้ารับออเดอร์,กำลังทำ
343,86,เรียกคิว,พร้อมรับ
344,86,ส่งมอบสำเร็จ,เสร็จสิ้น
345,87,ส่งเข้า KDS,รอดำเนินการ
346,87,บาริสต้ารับออเดอร์,กำลังทำ
347,87,เรียกคิว,พร้อมรับ
348,87,ส่งมอบสำเร็จ,เสร็จสิ้น
349,88,ส่งเข้า KDS,รอดำเนินการ
350,88,บาริสต้ารับออเดอร์,กำลังทำ
351,88,เรียกคิว,พร้อมรับ
352,88,ส่งมอบสำเร็จ,เสร็จสิ้น
353,89,ส่งเข้า KDS,รอดำเนินการ
354,89,บาริสต้ารับออเดอร์,กำลังทำ
355,89,เรียกคิว,พร้อมรับ
356,89,ส่งมอบสำเร็จ,เสร็จสิ้น
357,90,ส่งเข้า KDS,รอดำเนินการ
358,90,บาริสต้ารับออเดอร์,กำลังทำ
359,90,เรียกคิว,พร้อมรับ
360,90,ส่งมอบสำเร็จ,เสร็จสิ้น
361,91,ส่งเข้า KDS,รอดำเนินการ
362,91,บาริสต้ารับออเดอร์,กำลังทำ
363,91,เรียกคิว,พร้อมรับ
364,91,ส่งมอบสำเร็จ,เสร็จสิ้น
365,92,ส่งเข้า KDS,รอดำเนินการ
366,92,บาริสต้ารับออเดอร์,กำลังทำ
367,92,เรียกคิว,พร้อมรับ
368,92,ส่งมอบสำเร็จ,เสร็จสิ้น
369,93,ส่งเข้า KDS,รอดำเนินการ
370,93,บาริสต้ารับออเดอร์,กำลังทำ
371,93,เรียกคิว,พร้อมรับ
372,93,ส่งมอบสำเร็จ,เสร็จสิ้น
373,94,ส่งเข้า KDS,รอดำเนินการ
374,94,บาริสต้ารับออเดอร์,กำลังทำ
375,94,เรียกคิว,พร้อมรับ
376,94,ส่งมอบสำเร็จ,เสร็จสิ้น
377,95,ส่งเข้า KDS,รอดำเนินการ
378,95,บาริสต้ารับออเดอร์,กำลังทำ
379,95,เรียกคิว,พร้อมรับ
380,95,ส่งมอบสำเร็จ,เสร็จสิ้น
381,96,ส่งเข้า KDS,รอดำเนินการ
382,96,บาริสต้ารับออเดอร์,กำลังทำ
383,96,เรียกคิว,พร้อมรับ
384,96,ส่งมอบสำเร็จ,เสร็จสิ้น
385,97,ส่งเข้า KDS,รอดำเนินการ
386,97,บาริสต้ารับออเดอร์,กำลังทำ
387,97,เรียกคิว,พร้อมรับ
388,97,ส่งมอบสำเร็จ,เสร็จสิ้น
389,98,ส่งเข้า KDS,รอดำเนินการ
390,98,บาริสต้ารับออเดอร์,กำลังทำ
391,98,เรียกคิว,พร้อมรับ
392,98,ส่งมอบสำเร็จ,เสร็จสิ้น
393,99,ส่งเข้า KDS,รอดำเนินการ
394,99,บาริสต้ารับออเดอร์,กำลังทำ
395,99,เรียกคิว,พร้อมรับ
396,99,ส่งมอบสำเร็จ,เสร็จสิ้น
397,100,ส่งเข้า KDS,รอดำเนินการ
398,100,บาริสต้ารับออเดอร์,กำลังทำ
399,100,เรียกคิว,พร้อมรับ
400,100,ส่งมอบสำเร็จ,เสร็จสิ้น
401,101,ส่งเข้า KDS,รอดำเนินการ
402,101,บาริสต้ารับออเดอร์,กำลังทำ
403,101,เรียกคิว,พร้อมรับ
404,101,ส่งมอบสำเร็จ,เสร็จสิ้น
405,102,ส่งเข้า KDS,รอดำเนินการ
406,102,บาริสต้ารับออเดอร์,กำลังทำ
407,102,เรียกคิว,พร้อมรับ
408,102,ส่งมอบสำเร็จ,เสร็จสิ้น
409,103,ส่งเข้า KDS,รอดำเนินการ
410,103,บาริสต้ารับออเดอร์,กำลังทำ
411,103,เรียกคิว,พร้อมรับ
412,103,ส่งมอบสำเร็จ,เสร็จสิ้น
413,104,ส่งเข้า KDS,รอดำเนินการ
414,104,บาริสต้ารับออเดอร์,กำลังทำ
415,104,เรียกคิว,พร้อมรับ
416,104,ส่งมอบสำเร็จ,เสร็จสิ้น
417,105,ส่งเข้า KDS,รอดำเนินการ
418,105,บาริสต้ารับออเดอร์,กำลังทำ
419,105,เรียกคิว,พร้อมรับ
420,105,ส่งมอบสำเร็จ,เสร็จสิ้น
421,106,ส่งเข้า KDS,รอดำเนินการ
422,106,บาริสต้ารับออเดอร์,กำลังทำ
423,106,เรียกคิว,พร้อมรับ
424,106,ส่งมอบสำเร็จ,เสร็จสิ้น
425,107,ส่งเข้า KDS,รอดำเนินการ
426,107,บาริสต้ารับออเดอร์,กำลังทำ
427,107,เรียกคิว,พร้อมรับ
428,107,ส่งมอบสำเร็จ,เสร็จสิ้น
429,108,ส่งเข้า KDS,รอดำเนินการ
430,108,บาริสต้ารับออเดอร์,กำลังทำ
431,108,เรียกคิว,พร้อมรับ
432,108,ส่งมอบสำเร็จ,เสร็จสิ้น
433,109,ส่งเข้า KDS,รอดำเนินการ
434,109,บาริสต้ารับออเดอร์,กำลังทำ
435,109,เรียกคิว,พร้อมรับ
436,109,ส่งมอบสำเร็จ,เสร็จสิ้น
437,110,ส่งเข้า KDS,รอดำเนินการ
438,110,บาริสต้ารับออเดอร์,กำลังทำ
439,110,เรียกคิว,พร้อมรับ
440,110,ส่งมอบสำเร็จ,เสร็จสิ้น
441,111,ส่งเข้า KDS,รอดำเนินการ
442,111,บาริสต้ารับออเดอร์,กำลังทำ
443,111,เรียกคิว,พร้อมรับ
444,111,ส่งมอบสำเร็จ,เสร็จสิ้น
445,112,ส่งเข้า KDS,รอดำเนินการ
446,112,บาริสต้ารับออเดอร์,กำลังทำ
447,112,เรียกคิว,พร้อมรับ
448,112,ส่งมอบสำเร็จ,เสร็จสิ้น
449,113,ส่งเข้า KDS,รอดำเนินการ
450,113,บาริสต้ารับออเดอร์,กำลังทำ
451,113,เรียกคิว,พร้อมรับ
452,113,ส่งมอบสำเร็จ,เสร็จสิ้น
453,114,ส่งเข้า KDS,รอดำเนินการ
454,114,บาริสต้ารับออเดอร์,กำลังทำ
455,114,เรียกคิว,พร้อมรับ
456,114,ส่งมอบสำเร็จ,เสร็จสิ้น
457,115,ส่งเข้า KDS,รอดำเนินการ
458,115,บาริสต้ารับออเดอร์,กำลังทำ
459,115,เรียกคิว,พร้อมรับ
460,115,ส่งมอบสำเร็จ,เสร็จสิ้น
461,116,ส่งเข้า KDS,รอดำเนินการ
462,116,บาริสต้ารับออเดอร์,กำลังทำ
463,116,เรียกคิว,พร้อมรับ
464,116,ส่งมอบสำเร็จ,เสร็จสิ้น
465,117,ส่งเข้า KDS,รอดำเนินการ
466,117,บาริสต้ารับออเดอร์,กำลังทำ
467,117,เรียกคิว,พร้อมรับ
468,117,ส่งมอบสำเร็จ,เสร็จสิ้น
469,118,ส่งเข้า KDS,รอดำเนินการ
470,118,บาริสต้ารับออเดอร์,กำลังทำ
471,118,เรียกคิว,พร้อมรับ
472,118,ส่งมอบสำเร็จ,เสร็จสิ้น
473,119,ส่งเข้า KDS,รอดำเนินการ
474,119,บาริสต้ารับออเดอร์,กำลังทำ
475,119,เรียกคิว,พร้อมรับ
476,119,ส่งมอบสำเร็จ,เสร็จสิ้น
477,120,ส่งเข้า KDS,รอดำเนินการ
478,120,บาริสต้ารับออเดอร์,กำลังทำ
479,120,เรียกคิว,พร้อมรับ
480,120,ส่งมอบสำเร็จ,เสร็จสิ้น
481,121,ส่งเข้า KDS,รอดำเนินการ
482,121,บาริสต้ารับออเดอร์,กำลังทำ
483,121,เรียกคิว,พร้อมรับ
484,121,ส่งมอบสำเร็จ,เสร็จสิ้น
485,122,ส่งเข้า KDS,รอดำเนินการ
486,122,บาริสต้ารับออเดอร์,กำลังทำ
487,122,เรียกคิว,พร้อมรับ
488,122,ส่งมอบสำเร็จ,เสร็จสิ้น
489,123,ส่งเข้า KDS,รอดำเนินการ
490,123,บาริสต้ารับออเดอร์,กำลังทำ
491,123,เรียกคิว,พร้อมรับ
492,123,ส่งมอบสำเร็จ,เสร็จสิ้น
493,124,ส่งเข้า KDS,รอดำเนินการ
494,124,บาริสต้ารับออเดอร์,กำลังทำ
495,124,เรียกคิว,พร้อมรับ
496,124,ส่งมอบสำเร็จ,เสร็จสิ้น
497,125,ส่งเข้า KDS,รอดำเนินการ
498,125,บาริสต้ารับออเดอร์,กำลังทำ
499,125,เรียกคิว,พร้อมรับ
500,125,ส่งมอบสำเร็จ,เสร็จสิ้น
501,126,ส่งเข้า KDS,รอดำเนินการ
502,126,บาริสต้ารับออเดอร์,กำลังทำ
503,126,เรียกคิว,พร้อมรับ
504,126,ส่งมอบสำเร็จ,เสร็จสิ้น
505,127,ส่งเข้า KDS,รอดำเนินการ
506,127,บาริสต้ารับออเดอร์,กำลังทำ
507,127,เรียกคิว,พร้อมรับ
508,127,ส่งมอบสำเร็จ,เสร็จสิ้น
509,128,ส่งเข้า KDS,รอดำเนินการ
510,128,บาริสต้ารับออเดอร์,กำลังทำ
511,128,เรียกคิว,พร้อมรับ
512,128,ส่งมอบสำเร็จ,เสร็จสิ้น
513,129,ส่งเข้า KDS,รอดำเนินการ
514,129,บาริสต้ารับออเดอร์,กำลังทำ
515,129,เรียกคิว,พร้อมรับ
516,129,ส่งมอบสำเร็จ,เสร็จสิ้น
517,130,ส่งเข้า KDS,รอดำเนินการ
518,130,บาริสต้ารับออเดอร์,กำลังทำ
519,130,เรียกคิว,พร้อมรับ
520,130,ส่งมอบสำเร็จ,เสร็จสิ้น
521,131,ส่งเข้า KDS,รอดำเนินการ
522,131,บาริสต้ารับออเดอร์,กำลังทำ
523,131,เรียกคิว,พร้อมรับ
524,131,ส่งมอบสำเร็จ,เสร็จสิ้น
525,132,ส่งเข้า KDS,รอดำเนินการ
526,132,บาริสต้ารับออเดอร์,กำลังทำ
527,132,เรียกคิว,พร้อมรับ
528,132,ส่งมอบสำเร็จ,เสร็จสิ้น
529,133,ส่งเข้า KDS,รอดำเนินการ
530,133,บาริสต้ารับออเดอร์,กำลังทำ
531,133,เรียกคิว,พร้อมรับ
532,133,ส่งมอบสำเร็จ,เสร็จสิ้น
533,134,ส่งเข้า KDS,รอดำเนินการ
534,134,บาริสต้ารับออเดอร์,กำลังทำ
535,134,เรียกคิว,พร้อมรับ
536,134,ส่งมอบสำเร็จ,เสร็จสิ้น
537,135,ส่งเข้า KDS,รอดำเนินการ
538,135,บาริสต้ารับออเดอร์,กำลังทำ
539,135,เรียกคิว,พร้อมรับ
540,135,ส่งมอบสำเร็จ,เสร็จสิ้น
541,136,ส่งเข้า KDS,รอดำเนินการ
542,136,บาริสต้ารับออเดอร์,กำลังทำ
543,136,เรียกคิว,พร้อมรับ
544,136,ส่งมอบสำเร็จ,เสร็จสิ้น
545,137,ส่งเข้า KDS,รอดำเนินการ
546,137,บาริสต้ารับออเดอร์,กำลังทำ
547,137,เรียกคิว,พร้อมรับ
548,137,ส่งมอบสำเร็จ,เสร็จสิ้น
549,138,ส่งเข้า KDS,รอดำเนินการ
550,138,บาริสต้ารับออเดอร์,กำลังทำ
551,138,เรียกคิว,พร้อมรับ
552,138,ส่งมอบสำเร็จ,เสร็จสิ้น
553,139,ส่งเข้า KDS,รอดำเนินการ
554,139,บาริสต้ารับออเดอร์,กำลังทำ
555,139,เรียกคิว,พร้อมรับ
556,139,ส่งมอบสำเร็จ,เสร็จสิ้น
557,140,ส่งเข้า KDS,รอดำเนินการ
558,140,บาริสต้ารับออเดอร์,กำลังทำ
559,140,เรียกคิว,พร้อมรับ
560,140,ส่งมอบสำเร็จ,เสร็จสิ้น
561,141,ส่งเข้า KDS,รอดำเนินการ
562,141,บาริสต้ารับออเดอร์,กำลังทำ
563,141,เรียกคิว,พร้อมรับ
564,141,ส่งมอบสำเร็จ,เสร็จสิ้น
565,142,ส่งเข้า KDS,รอดำเนินการ
566,142,บาริสต้ารับออเดอร์,กำลังทำ
567,142,เรียกคิว,พร้อมรับ
568,142,ส่งมอบสำเร็จ,เสร็จสิ้น
569,143,ส่งเข้า KDS,รอดำเนินการ
570,143,บาริสต้ารับออเดอร์,กำลังทำ
571,143,เรียกคิว,พร้อมรับ
572,143,ส่งมอบสำเร็จ,เสร็จสิ้น
573,144,ส่งเข้า KDS,รอดำเนินการ
574,144,บาริสต้ารับออเดอร์,กำลังทำ
575,144,เรียกคิว,พร้อมรับ
576,144,ส่งมอบสำเร็จ,เสร็จสิ้น
577,145,ส่งเข้า KDS,รอดำเนินการ
578,145,บาริสต้ารับออเดอร์,กำลังทำ
579,145,เรียกคิว,พร้อมรับ
580,145,ส่งมอบสำเร็จ,เสร็จสิ้น
581,146,ส่งเข้า KDS,รอดำเนินการ
582,146,บาริสต้ารับออเดอร์,กำลังทำ
583,146,เรียกคิว,พร้อมรับ
584,146,ส่งมอบสำเร็จ,เสร็จสิ้น
585,147,ส่งเข้า KDS,รอดำเนินการ
586,147,บาริสต้ารับออเดอร์,กำลังทำ
587,147,เรียกคิว,พร้อมรับ
588,147,ส่งมอบสำเร็จ,เสร็จสิ้น
589,148,ส่งเข้า KDS,รอดำเนินการ
590,148,บาริสต้ารับออเดอร์,กำลังทำ
591,148,เรียกคิว,พร้อมรับ
592,148,ส่งมอบสำเร็จ,เสร็จสิ้น
593,149,ส่งเข้า KDS,รอดำเนินการ
594,149,บาริสต้ารับออเดอร์,กำลังทำ
595,149,เรียกคิว,พร้อมรับ
596,149,ส่งมอบสำเร็จ,เสร็จสิ้น
597,150,ส่งเข้า KDS,รอดำเนินการ
598,150,บาริสต้ารับออเดอร์,กำลังทำ
599,150,เรียกคิว,พร้อมรับ
600,150,ส่งมอบสำเร็จ,เสร็จสิ้น
601,151,ส่งเข้า KDS,รอดำเนินการ
602,151,บาริสต้ารับออเดอร์,กำลังทำ
603,151,เรียกคิว,พร้อมรับ
604,151,ส่งมอบสำเร็จ,เสร็จสิ้น
605,152,ส่งเข้า KDS,รอดำเนินการ
606,152,บาริสต้ารับออเดอร์,กำลังทำ
607,152,เรียกคิว,พร้อมรับ
608,152,ส่งมอบสำเร็จ,เสร็จสิ้น
609,153,ส่งเข้า KDS,รอดำเนินการ
610,153,บาริสต้ารับออเดอร์,กำลังทำ
611,153,เรียกคิว,พร้อมรับ
612,153,ส่งมอบสำเร็จ,เสร็จสิ้น
613,154,ส่งเข้า KDS,รอดำเนินการ
614,154,บาริสต้ารับออเดอร์,กำลังทำ
615,154,เรียกคิว,พร้อมรับ
616,154,ส่งมอบสำเร็จ,เสร็จสิ้น
617,155,ส่งเข้า KDS,รอดำเนินการ
618,155,บาริสต้ารับออเดอร์,กำลังทำ
619,155,เรียกคิว,พร้อมรับ
620,155,ส่งมอบสำเร็จ,เสร็จสิ้น
621,156,ส่งเข้า KDS,รอดำเนินการ
622,156,บาริสต้ารับออเดอร์,กำลังทำ
623,156,เรียกคิว,พร้อมรับ
624,156,ส่งมอบสำเร็จ,เสร็จสิ้น
625,157,ส่งเข้า KDS,รอดำเนินการ
626,157,บาริสต้ารับออเดอร์,กำลังทำ
627,157,เรียกคิว,พร้อมรับ
628,157,ส่งมอบสำเร็จ,เสร็จสิ้น
629,158,ส่งเข้า KDS,รอดำเนินการ
630,158,บาริสต้ารับออเดอร์,กำลังทำ
631,158,เรียกคิว,พร้อมรับ
632,158,ส่งมอบสำเร็จ,เสร็จสิ้น
633,159,ส่งเข้า KDS,รอดำเนินการ
634,159,บาริสต้ารับออเดอร์,กำลังทำ
635,159,เรียกคิว,พร้อมรับ
636,159,ส่งมอบสำเร็จ,เสร็จสิ้น
637,160,ส่งเข้า KDS,รอดำเนินการ
638,160,บาริสต้ารับออเดอร์,กำลังทำ
639,160,เรียกคิว,พร้อมรับ
640,160,ส่งมอบสำเร็จ,เสร็จสิ้น
641,161,ส่งเข้า KDS,รอดำเนินการ
642,161,บาริสต้ารับออเดอร์,กำลังทำ
643,161,เรียกคิว,พร้อมรับ
644,161,ส่งมอบสำเร็จ,เสร็จสิ้น
645,162,ส่งเข้า KDS,รอดำเนินการ
646,162,บาริสต้ารับออเดอร์,กำลังทำ
647,162,เรียกคิว,พร้อมรับ
648,162,ส่งมอบสำเร็จ,เสร็จสิ้น
649,163,ส่งเข้า KDS,รอดำเนินการ
650,163,บาริสต้ารับออเดอร์,กำลังทำ
651,163,เรียกคิว,พร้อมรับ
652,163,ส่งมอบสำเร็จ,เสร็จสิ้น
653,164,ส่งเข้า KDS,รอดำเนินการ
654,164,บาริสต้ารับออเดอร์,กำลังทำ
655,164,เรียกคิว,พร้อมรับ
656,164,ส่งมอบสำเร็จ,เสร็จสิ้น
657,165,ส่งเข้า KDS,รอดำเนินการ
658,165,บาริสต้ารับออเดอร์,กำลังทำ
659,165,เรียกคิว,พร้อมรับ
660,165,ส่งมอบสำเร็จ,เสร็จสิ้น
661,166,ส่งเข้า KDS,รอดำเนินการ
662,166,บาริสต้ารับออเดอร์,กำลังทำ
663,166,เรียกคิว,พร้อมรับ
664,166,ส่งมอบสำเร็จ,เสร็จสิ้น
665,167,ส่งเข้า KDS,รอดำเนินการ
666,167,บาริสต้ารับออเดอร์,กำลังทำ
667,167,เรียกคิว,พร้อมรับ
668,167,ส่งมอบสำเร็จ,เสร็จสิ้น
669,168,ส่งเข้า KDS,รอดำเนินการ
670,168,บาริสต้ารับออเดอร์,กำลังทำ
671,168,เรียกคิว,พร้อมรับ
672,168,ส่งมอบสำเร็จ,เสร็จสิ้น
673,169,ส่งเข้า KDS,รอดำเนินการ
674,169,บาริสต้ารับออเดอร์,กำลังทำ
675,169,เรียกคิว,พร้อมรับ
676,169,ส่งมอบสำเร็จ,เสร็จสิ้น
677,170,ส่งเข้า KDS,รอดำเนินการ
678,170,บาริสต้ารับออเดอร์,กำลังทำ
679,170,เรียกคิว,พร้อมรับ
680,170,ส่งมอบสำเร็จ,เสร็จสิ้น
681,171,ส่งเข้า KDS,รอดำเนินการ
682,171,บาริสต้ารับออเดอร์,กำลังทำ
683,171,เรียกคิว,พร้อมรับ
684,171,ส่งมอบสำเร็จ,เสร็จสิ้น
685,172,ส่งเข้า KDS,รอดำเนินการ
686,172,บาริสต้ารับออเดอร์,กำลังทำ
687,172,เรียกคิว,พร้อมรับ
688,172,ส่งมอบสำเร็จ,เสร็จสิ้น
689,173,ส่งเข้า KDS,รอดำเนินการ
690,173,บาริสต้ารับออเดอร์,กำลังทำ
691,173,เรียกคิว,พร้อมรับ
692,173,ส่งมอบสำเร็จ,เสร็จสิ้น
693,174,ส่งเข้า KDS,รอดำเนินการ
694,174,บาริสต้ารับออเดอร์,กำลังทำ
695,174,เรียกคิว,พร้อมรับ
696,174,ส่งมอบสำเร็จ,เสร็จสิ้น
697,175,ส่งเข้า KDS,รอดำเนินการ
698,175,บาริสต้ารับออเดอร์,กำลังทำ
699,175,เรียกคิว,พร้อมรับ
700,175,ส่งมอบสำเร็จ,เสร็จสิ้น
701,176,ส่งเข้า KDS,รอดำเนินการ
702,176,บาริสต้ารับออเดอร์,กำลังทำ
703,176,เรียกคิว,พร้อมรับ
704,176,ส่งมอบสำเร็จ,เสร็จสิ้น
705,177,ส่งเข้า KDS,รอดำเนินการ
706,177,บาริสต้ารับออเดอร์,กำลังทำ
707,177,เรียกคิว,พร้อมรับ
708,177,ส่งมอบสำเร็จ,เสร็จสิ้น
709,178,ส่งเข้า KDS,รอดำเนินการ
710,178,บาริสต้ารับออเดอร์,กำลังทำ
711,178,เรียกคิว,พร้อมรับ
712,178,ส่งมอบสำเร็จ,เสร็จสิ้น
713,179,ส่งเข้า KDS,รอดำเนินการ
714,179,บาริสต้ารับออเดอร์,กำลังทำ
715,179,เรียกคิว,พร้อมรับ
716,179,ส่งมอบสำเร็จ,เสร็จสิ้น
717,180,ส่งเข้า KDS,รอดำเนินการ
718,180,บาริสต้ารับออเดอร์,กำลังทำ
719,180,เรียกคิว,พร้อมรับ
720,180,ส่งมอบสำเร็จ,เสร็จสิ้น
721,181,ส่งเข้า KDS,รอดำเนินการ
722,181,บาริสต้ารับออเดอร์,กำลังทำ
723,181,เรียกคิว,พร้อมรับ
724,181,ส่งมอบสำเร็จ,เสร็จสิ้น
725,182,ส่งเข้า KDS,รอดำเนินการ
726,182,บาริสต้ารับออเดอร์,กำลังทำ
727,182,เรียกคิว,พร้อมรับ
728,182,ส่งมอบสำเร็จ,เสร็จสิ้น
729,183,ส่งเข้า KDS,รอดำเนินการ
730,183,บาริสต้ารับออเดอร์,กำลังทำ
731,183,เรียกคิว,พร้อมรับ
732,183,ส่งมอบสำเร็จ,เสร็จสิ้น
733,184,ส่งเข้า KDS,รอดำเนินการ
734,184,บาริสต้ารับออเดอร์,กำลังทำ
735,184,เรียกคิว,พร้อมรับ
736,184,ส่งมอบสำเร็จ,เสร็จสิ้น
737,185,ส่งเข้า KDS,รอดำเนินการ
738,185,บาริสต้ารับออเดอร์,กำลังทำ
739,185,เรียกคิว,พร้อมรับ
740,185,ส่งมอบสำเร็จ,เสร็จสิ้น
741,186,ส่งเข้า KDS,รอดำเนินการ
742,186,บาริสต้ารับออเดอร์,กำลังทำ
743,186,เรียกคิว,พร้อมรับ
744,186,ส่งมอบสำเร็จ,เสร็จสิ้น
745,187,ส่งเข้า KDS,รอดำเนินการ
746,187,บาริสต้ารับออเดอร์,กำลังทำ
747,187,เรียกคิว,พร้อมรับ
748,187,ส่งมอบสำเร็จ,เสร็จสิ้น
749,188,ส่งเข้า KDS,รอดำเนินการ
750,188,บาริสต้ารับออเดอร์,กำลังทำ
751,188,เรียกคิว,พร้อมรับ
752,188,ส่งมอบสำเร็จ,เสร็จสิ้น
753,189,ส่งเข้า KDS,รอดำเนินการ
754,189,บาริสต้ารับออเดอร์,กำลังทำ
755,189,เรียกคิว,พร้อมรับ
756,189,ส่งมอบสำเร็จ,เสร็จสิ้น
757,190,ส่งเข้า KDS,รอดำเนินการ
758,190,บาริสต้ารับออเดอร์,กำลังทำ
759,190,เรียกคิว,พร้อมรับ
760,190,ส่งมอบสำเร็จ,เสร็จสิ้น
761,191,ส่งเข้า KDS,รอดำเนินการ
762,191,บาริสต้ารับออเดอร์,กำลังทำ
763,191,เรียกคิว,พร้อมรับ
764,191,ส่งมอบสำเร็จ,เสร็จสิ้น
765,192,ส่งเข้า KDS,รอดำเนินการ
766,192,บาริสต้ารับออเดอร์,กำลังทำ
767,192,เรียกคิว,พร้อมรับ
768,192,ส่งมอบสำเร็จ,เสร็จสิ้น
769,193,ส่งเข้า KDS,รอดำเนินการ
770,193,บาริสต้ารับออเดอร์,กำลังทำ
771,193,เรียกคิว,พร้อมรับ
772,193,ส่งมอบสำเร็จ,เสร็จสิ้น
773,194,ส่งเข้า KDS,รอดำเนินการ
774,194,บาริสต้ารับออเดอร์,กำลังทำ
775,194,เรียกคิว,พร้อมรับ
776,194,ส่งมอบสำเร็จ,เสร็จสิ้น
777,195,ส่งเข้า KDS,รอดำเนินการ
778,195,บาริสต้ารับออเดอร์,กำลังทำ
779,195,เรียกคิว,พร้อมรับ
780,195,ส่งมอบสำเร็จ,เสร็จสิ้น
781,196,ส่งเข้า KDS,รอดำเนินการ
782,196,บาริสต้ารับออเดอร์,กำลังทำ
783,196,เรียกคิว,พร้อมรับ
784,196,ส่งมอบสำเร็จ,เสร็จสิ้น
785,197,ส่งเข้า KDS,รอดำเนินการ
786,197,บาริสต้ารับออเดอร์,กำลังทำ
787,197,เรียกคิว,พร้อมรับ
788,197,ส่งมอบสำเร็จ,เสร็จสิ้น
789,198,ส่งเข้า KDS,รอดำเนินการ
790,198,บาริสต้ารับออเดอร์,กำลังทำ
791,198,เรียกคิว,พร้อมรับ
792,198,ส่งมอบสำเร็จ,เสร็จสิ้น
793,199,ส่งเข้า KDS,รอดำเนินการ
794,199,บาริสต้ารับออเดอร์,กำลังทำ
795,199,เรียกคิว,พร้อมรับ
796,199,ส่งมอบสำเร็จ,เสร็จสิ้น
797,200,ส่งเข้า KDS,รอดำเนินการ
798,200,บาริสต้ารับออเดอร์,กำลังทำ
799,200,เรียกคิว,พร้อมรับ
800,200,ส่งมอบสำเร็จ,เสร็จสิ้น
801,201,ส่งเข้า KDS,รอดำเนินการ
802,201,บาริสต้ารับออเดอร์,กำลังทำ
803,201,เรียกคิว,พร้อมรับ
804,201,ส่งมอบสำเร็จ,เสร็จสิ้น
805,202,ส่งเข้า KDS,รอดำเนินการ
806,202,บาริสต้ารับออเดอร์,กำลังทำ
807,202,เรียกคิว,พร้อมรับ
808,202,ส่งมอบสำเร็จ,เสร็จสิ้น
809,203,ส่งเข้า KDS,รอดำเนินการ
810,203,บาริสต้ารับออเดอร์,กำลังทำ
811,203,เรียกคิว,พร้อมรับ
812,203,ส่งมอบสำเร็จ,เสร็จสิ้น
813,204,ส่งเข้า KDS,รอดำเนินการ
814,204,บาริสต้ารับออเดอร์,กำลังทำ
815,204,เรียกคิว,พร้อมรับ
816,204,ส่งมอบสำเร็จ,เสร็จสิ้น
817,205,ส่งเข้า KDS,รอดำเนินการ
818,205,บาริสต้ารับออเดอร์,กำลังทำ
819,205,เรียกคิว,พร้อมรับ
820,205,ส่งมอบสำเร็จ,เสร็จสิ้น
821,206,ส่งเข้า KDS,รอดำเนินการ
822,206,บาริสต้ารับออเดอร์,กำลังทำ
823,206,เรียกคิว,พร้อมรับ
824,206,ส่งมอบสำเร็จ,เสร็จสิ้น
825,207,ส่งเข้า KDS,รอดำเนินการ
826,207,บาริสต้ารับออเดอร์,กำลังทำ
827,207,เรียกคิว,พร้อมรับ
828,207,ส่งมอบสำเร็จ,เสร็จสิ้น
829,208,ส่งเข้า KDS,รอดำเนินการ
830,208,บาริสต้ารับออเดอร์,กำลังทำ
831,208,เรียกคิว,พร้อมรับ
832,208,ส่งมอบสำเร็จ,เสร็จสิ้น
833,209,ส่งเข้า KDS,รอดำเนินการ
834,209,บาริสต้ารับออเดอร์,กำลังทำ
835,209,เรียกคิว,พร้อมรับ
836,209,ส่งมอบสำเร็จ,เสร็จสิ้น
837,210,ส่งเข้า KDS,รอดำเนินการ
838,210,บาริสต้ารับออเดอร์,กำลังทำ
839,210,เรียกคิว,พร้อมรับ
840,210,ส่งมอบสำเร็จ,เสร็จสิ้น
841,211,ส่งเข้า KDS,รอดำเนินการ
842,211,บาริสต้ารับออเดอร์,กำลังทำ
843,211,เรียกคิว,พร้อมรับ
844,211,ส่งมอบสำเร็จ,เสร็จสิ้น
845,212,ส่งเข้า KDS,รอดำเนินการ
846,212,บาริสต้ารับออเดอร์,กำลังทำ
847,212,เรียกคิว,พร้อมรับ
848,212,ส่งมอบสำเร็จ,เสร็จสิ้น
849,213,ส่งเข้า KDS,รอดำเนินการ
850,213,บาริสต้ารับออเดอร์,กำลังทำ
851,213,เรียกคิว,พร้อมรับ
852,213,ส่งมอบสำเร็จ,เสร็จสิ้น
853,214,ส่งเข้า KDS,รอดำเนินการ
854,214,บาริสต้ารับออเดอร์,กำลังทำ
855,214,เรียกคิว,พร้อมรับ
856,214,ส่งมอบสำเร็จ,เสร็จสิ้น
857,215,ส่งเข้า KDS,รอดำเนินการ
858,215,บาริสต้ารับออเดอร์,กำลังทำ
859,215,เรียกคิว,พร้อมรับ
860,215,ส่งมอบสำเร็จ,เสร็จสิ้น
861,216,ส่งเข้า KDS,รอดำเนินการ
862,216,บาริสต้ารับออเดอร์,กำลังทำ
863,216,เรียกคิว,พร้อมรับ
864,216,ส่งมอบสำเร็จ,เสร็จสิ้น
865,217,ส่งเข้า KDS,รอดำเนินการ
866,217,บาริสต้ารับออเดอร์,กำลังทำ
867,217,เรียกคิว,พร้อมรับ
868,217,ส่งมอบสำเร็จ,เสร็จสิ้น
869,218,ส่งเข้า KDS,รอดำเนินการ
870,218,บาริสต้ารับออเดอร์,กำลังทำ
871,218,เรียกคิว,พร้อมรับ
872,218,ส่งมอบสำเร็จ,เสร็จสิ้น
873,219,ส่งเข้า KDS,รอดำเนินการ
874,219,บาริสต้ารับออเดอร์,กำลังทำ
875,219,เรียกคิว,พร้อมรับ
876,219,ส่งมอบสำเร็จ,เสร็จสิ้น
877,220,ส่งเข้า KDS,รอดำเนินการ
878,220,บาริสต้ารับออเดอร์,กำลังทำ
879,220,เรียกคิว,พร้อมรับ
880,220,ส่งมอบสำเร็จ,เสร็จสิ้น
881,221,ส่งเข้า KDS,รอดำเนินการ
882,221,บาริสต้ารับออเดอร์,กำลังทำ
883,221,เรียกคิว,พร้อมรับ
884,221,ส่งมอบสำเร็จ,เสร็จสิ้น
885,222,ส่งเข้า KDS,รอดำเนินการ
886,222,บาริสต้ารับออเดอร์,กำลังทำ
887,222,เรียกคิว,พร้อมรับ
888,222,ส่งมอบสำเร็จ,เสร็จสิ้น
889,223,ส่งเข้า KDS,รอดำเนินการ
890,223,บาริสต้ารับออเดอร์,กำลังทำ
891,223,เรียกคิว,พร้อมรับ
892,223,ส่งมอบสำเร็จ,เสร็จสิ้น
893,224,ส่งเข้า KDS,รอดำเนินการ
894,224,บาริสต้ารับออเดอร์,กำลังทำ
895,224,เรียกคิว,พร้อมรับ
896,224,ส่งมอบสำเร็จ,เสร็จสิ้น
897,225,ส่งเข้า KDS,รอดำเนินการ
898,225,บาริสต้ารับออเดอร์,กำลังทำ
899,225,เรียกคิว,พร้อมรับ
900,225,ส่งมอบสำเร็จ,เสร็จสิ้น
901,226,ส่งเข้า KDS,รอดำเนินการ
902,226,บาริสต้ารับออเดอร์,กำลังทำ
903,226,เรียกคิว,พร้อมรับ
904,226,ส่งมอบสำเร็จ,เสร็จสิ้น
905,227,ส่งเข้า KDS,รอดำเนินการ
906,227,บาริสต้ารับออเดอร์,กำลังทำ
907,227,เรียกคิว,พร้อมรับ
908,227,ส่งมอบสำเร็จ,เสร็จสิ้น
909,228,ส่งเข้า KDS,รอดำเนินการ
910,228,บาริสต้ารับออเดอร์,กำลังทำ
911,228,เรียกคิว,พร้อมรับ
912,228,ส่งมอบสำเร็จ,เสร็จสิ้น
913,229,ส่งเข้า KDS,รอดำเนินการ
914,229,บาริสต้ารับออเดอร์,กำลังทำ
915,229,เรียกคิว,พร้อมรับ
916,229,ส่งมอบสำเร็จ,เสร็จสิ้น
917,230,ส่งเข้า KDS,รอดำเนินการ
918,230,บาริสต้ารับออเดอร์,กำลังทำ
919,230,เรียกคิว,พร้อมรับ
920,230,ส่งมอบสำเร็จ,เสร็จสิ้น
921,231,ส่งเข้า KDS,รอดำเนินการ
922,231,บาริสต้ารับออเดอร์,กำลังทำ
923,231,เรียกคิว,พร้อมรับ
924,231,ส่งมอบสำเร็จ,เสร็จสิ้น
925,232,ส่งเข้า KDS,รอดำเนินการ
926,232,บาริสต้ารับออเดอร์,กำลังทำ
927,232,เรียกคิว,พร้อมรับ
928,232,ส่งมอบสำเร็จ,เสร็จสิ้น
929,233,ส่งเข้า KDS,รอดำเนินการ
930,233,บาริสต้ารับออเดอร์,กำลังทำ
931,233,เรียกคิว,พร้อมรับ
932,233,ส่งมอบสำเร็จ,เสร็จสิ้น
933,234,ส่งเข้า KDS,รอดำเนินการ
934,234,บาริสต้ารับออเดอร์,กำลังทำ
935,234,เรียกคิว,พร้อมรับ
936,234,ส่งมอบสำเร็จ,เสร็จสิ้น
937,235,ส่งเข้า KDS,รอดำเนินการ
938,235,บาริสต้ารับออเดอร์,กำลังทำ
939,235,เรียกคิว,พร้อมรับ
940,235,ส่งมอบสำเร็จ,เสร็จสิ้น
941,236,ส่งเข้า KDS,รอดำเนินการ
942,236,บาริสต้ารับออเดอร์,กำลังทำ
943,236,เรียกคิว,พร้อมรับ
944,236,ส่งมอบสำเร็จ,เสร็จสิ้น
945,237,ส่งเข้า KDS,รอดำเนินการ
946,237,บาริสต้ารับออเดอร์,กำลังทำ
947,237,เรียกคิว,พร้อมรับ
948,237,ส่งมอบสำเร็จ,เสร็จสิ้น
949,238,ส่งเข้า KDS,รอดำเนินการ
950,238,บาริสต้ารับออเดอร์,กำลังทำ
951,238,เรียกคิว,พร้อมรับ
952,238,ส่งมอบสำเร็จ,เสร็จสิ้น
953,239,ส่งเข้า KDS,รอดำเนินการ
954,239,บาริสต้ารับออเดอร์,กำลังทำ
955,239,เรียกคิว,พร้อมรับ
956,239,ส่งมอบสำเร็จ,เสร็จสิ้น
957,240,ส่งเข้า KDS,รอดำเนินการ
958,240,บาริสต้ารับออเดอร์,กำลังทำ
959,240,เรียกคิว,พร้อมรับ
960,240,ส่งมอบสำเร็จ,เสร็จสิ้น
961,241,ส่งเข้า KDS,รอดำเนินการ
962,241,บาริสต้ารับออเดอร์,กำลังทำ
963,241,เรียกคิว,พร้อมรับ
964,241,ส่งมอบสำเร็จ,เสร็จสิ้น
965,242,ส่งเข้า KDS,รอดำเนินการ
966,242,บาริสต้ารับออเดอร์,กำลังทำ
967,242,เรียกคิว,พร้อมรับ
968,242,ส่งมอบสำเร็จ,เสร็จสิ้น
969,243,ส่งเข้า KDS,รอดำเนินการ
970,243,บาริสต้ารับออเดอร์,กำลังทำ
971,243,เรียกคิว,พร้อมรับ
972,243,ส่งมอบสำเร็จ,เสร็จสิ้น
973,244,ส่งเข้า KDS,รอดำเนินการ
974,244,บาริสต้ารับออเดอร์,กำลังทำ
975,244,เรียกคิว,พร้อมรับ
976,244,ส่งมอบสำเร็จ,เสร็จสิ้น
977,245,ส่งเข้า KDS,รอดำเนินการ
978,245,บาริสต้ารับออเดอร์,กำลังทำ
979,245,เรียกคิว,พร้อมรับ
980,245,ส่งมอบสำเร็จ,เสร็จสิ้น
981,246,ส่งเข้า KDS,รอดำเนินการ
982,246,บาริสต้ารับออเดอร์,กำลังทำ
983,246,เรียกคิว,พร้อมรับ
984,246,ส่งมอบสำเร็จ,เสร็จสิ้น
985,247,ส่งเข้า KDS,รอดำเนินการ
986,247,บาริสต้ารับออเดอร์,กำลังทำ
987,247,เรียกคิว,พร้อมรับ
988,247,ส่งมอบสำเร็จ,เสร็จสิ้น
989,248,ส่งเข้า KDS,รอดำเนินการ
990,248,บาริสต้ารับออเดอร์,กำลังทำ
991,248,เรียกคิว,พร้อมรับ
992,248,ส่งมอบสำเร็จ,เสร็จสิ้น
993,249,ส่งเข้า KDS,รอดำเนินการ
994,249,บาริสต้ารับออเดอร์,กำลังทำ
995,249,เรียกคิว,พร้อมรับ
996,249,ส่งมอบสำเร็จ,เสร็จสิ้น
997,250,ส่งเข้า KDS,รอดำเนินการ
998,250,บาริสต้ารับออเดอร์,กำลังทำ
999,250,เรียกคิว,พร้อมรับ
1000,250,ส่งมอบสำเร็จ,เสร็จสิ้น
1001,251,ส่งเข้า KDS,รอดำเนินการ
1002,251,บาริสต้ารับออเดอร์,กำลังทำ
1003,251,เรียกคิว,พร้อมรับ
1004,251,ส่งมอบสำเร็จ,เสร็จสิ้น
1005,252,ส่งเข้า KDS,รอดำเนินการ
1006,252,บาริสต้ารับออเดอร์,กำลังทำ
1007,252,เรียกคิว,พร้อมรับ
1008,252,ส่งมอบสำเร็จ,เสร็จสิ้น
1009,253,ส่งเข้า KDS,รอดำเนินการ
1010,253,บาริสต้ารับออเดอร์,กำลังทำ
1011,253,เรียกคิว,พร้อมรับ
1012,253,ส่งมอบสำเร็จ,เสร็จสิ้น
1013,254,ส่งเข้า KDS,รอดำเนินการ
1014,254,บาริสต้ารับออเดอร์,กำลังทำ
1015,254,เรียกคิว,พร้อมรับ
1016,254,ส่งมอบสำเร็จ,เสร็จสิ้น
1017,255,ส่งเข้า KDS,รอดำเนินการ
1018,255,บาริสต้ารับออเดอร์,กำลังทำ
1019,255,เรียกคิว,พร้อมรับ
1020,255,ส่งมอบสำเร็จ,เสร็จสิ้น
1021,256,ส่งเข้า KDS,รอดำเนินการ
1022,256,บาริสต้ารับออเดอร์,กำลังทำ
1023,256,เรียกคิว,พร้อมรับ
1024,256,ส่งมอบสำเร็จ,เสร็จสิ้น
1025,257,ส่งเข้า KDS,รอดำเนินการ
1026,257,บาริสต้ารับออเดอร์,กำลังทำ
1027,257,เรียกคิว,พร้อมรับ
1028,257,ส่งมอบสำเร็จ,เสร็จสิ้น
1029,258,ส่งเข้า KDS,รอดำเนินการ
1030,258,บาริสต้ารับออเดอร์,กำลังทำ
1031,258,เรียกคิว,พร้อมรับ
1032,258,ส่งมอบสำเร็จ,เสร็จสิ้น
1033,259,ส่งเข้า KDS,รอดำเนินการ
1034,259,บาริสต้ารับออเดอร์,กำลังทำ
1035,259,เรียกคิว,พร้อมรับ
1036,259,ส่งมอบสำเร็จ,เสร็จสิ้น
1037,260,ส่งเข้า KDS,รอดำเนินการ
1038,260,บาริสต้ารับออเดอร์,กำลังทำ
1039,260,เรียกคิว,พร้อมรับ
1040,260,ส่งมอบสำเร็จ,เสร็จสิ้น
1041,261,ส่งเข้า KDS,รอดำเนินการ
1042,261,บาริสต้ารับออเดอร์,กำลังทำ
1043,261,เรียกคิว,พร้อมรับ
1044,261,ส่งมอบสำเร็จ,เสร็จสิ้น
1045,262,ส่งเข้า KDS,รอดำเนินการ
1046,262,บาริสต้ารับออเดอร์,กำลังทำ
1047,262,เรียกคิว,พร้อมรับ
1048,262,ส่งมอบสำเร็จ,เสร็จสิ้น
1049,263,ส่งเข้า KDS,รอดำเนินการ
1050,263,บาริสต้ารับออเดอร์,กำลังทำ
1051,263,เรียกคิว,พร้อมรับ
1052,263,ส่งมอบสำเร็จ,เสร็จสิ้น
1053,264,ส่งเข้า KDS,รอดำเนินการ
1054,264,บาริสต้ารับออเดอร์,กำลังทำ
1055,264,เรียกคิว,พร้อมรับ
1056,264,ส่งมอบสำเร็จ,เสร็จสิ้น
1057,265,ส่งเข้า KDS,รอดำเนินการ
1058,265,บาริสต้ารับออเดอร์,กำลังทำ
1059,265,เรียกคิว,พร้อมรับ
1060,265,ส่งมอบสำเร็จ,เสร็จสิ้น
1061,266,ส่งเข้า KDS,รอดำเนินการ
1062,266,บาริสต้ารับออเดอร์,กำลังทำ
1063,266,เรียกคิว,พร้อมรับ
1064,266,ส่งมอบสำเร็จ,เสร็จสิ้น
1065,267,ส่งเข้า KDS,รอดำเนินการ
1066,267,บาริสต้ารับออเดอร์,กำลังทำ
1067,267,เรียกคิว,พร้อมรับ
1068,267,ส่งมอบสำเร็จ,เสร็จสิ้น
1069,268,ส่งเข้า KDS,รอดำเนินการ
1070,268,บาริสต้ารับออเดอร์,กำลังทำ
1071,268,เรียกคิว,พร้อมรับ
1072,268,ส่งมอบสำเร็จ,เสร็จสิ้น
1073,269,ส่งเข้า KDS,รอดำเนินการ
1074,269,บาริสต้ารับออเดอร์,กำลังทำ
1075,269,เรียกคิว,พร้อมรับ
1076,269,ส่งมอบสำเร็จ,เสร็จสิ้น
1077,270,ส่งเข้า KDS,รอดำเนินการ
1078,270,บาริสต้ารับออเดอร์,กำลังทำ
1079,270,เรียกคิว,พร้อมรับ
1080,270,ส่งมอบสำเร็จ,เสร็จสิ้น
1081,271,ส่งเข้า KDS,รอดำเนินการ
1082,271,บาริสต้ารับออเดอร์,กำลังทำ
1083,271,เรียกคิว,พร้อมรับ
1084,271,ส่งมอบสำเร็จ,เสร็จสิ้น
1085,272,ส่งเข้า KDS,รอดำเนินการ
1086,272,บาริสต้ารับออเดอร์,กำลังทำ
1087,272,เรียกคิว,พร้อมรับ
1088,272,ส่งมอบสำเร็จ,เสร็จสิ้น
1089,273,ส่งเข้า KDS,รอดำเนินการ
1090,273,บาริสต้ารับออเดอร์,กำลังทำ
1091,273,เรียกคิว,พร้อมรับ
1092,273,ส่งมอบสำเร็จ,เสร็จสิ้น
1093,274,ส่งเข้า KDS,รอดำเนินการ
1094,274,บาริสต้ารับออเดอร์,กำลังทำ
1095,274,เรียกคิว,พร้อมรับ
1096,274,ส่งมอบสำเร็จ,เสร็จสิ้น
1097,275,ส่งเข้า KDS,รอดำเนินการ
1098,275,บาริสต้ารับออเดอร์,กำลังทำ
1099,275,เรียกคิว,พร้อมรับ
1100,275,ส่งมอบสำเร็จ,เสร็จสิ้น
1101,276,ส่งเข้า KDS,รอดำเนินการ
1102,276,บาริสต้ารับออเดอร์,กำลังทำ
1103,276,เรียกคิว,พร้อมรับ
1104,276,ส่งมอบสำเร็จ,เสร็จสิ้น
1105,277,ส่งเข้า KDS,รอดำเนินการ
1106,277,บาริสต้ารับออเดอร์,กำลังทำ
1107,277,เรียกคิว,พร้อมรับ
1108,277,ส่งมอบสำเร็จ,เสร็จสิ้น
1109,278,ส่งเข้า KDS,รอดำเนินการ
1110,278,บาริสต้ารับออเดอร์,กำลังทำ
1111,278,เรียกคิว,พร้อมรับ
1112,278,ส่งมอบสำเร็จ,เสร็จสิ้น
1113,279,ส่งเข้า KDS,รอดำเนินการ
1114,279,บาริสต้ารับออเดอร์,กำลังทำ
1115,279,เรียกคิว,พร้อมรับ
1116,279,ส่งมอบสำเร็จ,เสร็จสิ้น
1117,280,ส่งเข้า KDS,รอดำเนินการ
1118,280,บาริสต้ารับออเดอร์,กำลังทำ
1119,280,เรียกคิว,พร้อมรับ
1120,280,ส่งมอบสำเร็จ,เสร็จสิ้น
1121,281,ส่งเข้า KDS,รอดำเนินการ
1122,281,บาริสต้ารับออเดอร์,กำลังทำ
1123,281,เรียกคิว,พร้อมรับ
1124,281,ส่งมอบสำเร็จ,เสร็จสิ้น
1125,282,ส่งเข้า KDS,รอดำเนินการ
1126,282,บาริสต้ารับออเดอร์,กำลังทำ
1127,282,เรียกคิว,พร้อมรับ
1128,282,ส่งมอบสำเร็จ,เสร็จสิ้น
1129,283,ส่งเข้า KDS,รอดำเนินการ
1130,283,บาริสต้ารับออเดอร์,กำลังทำ
1131,283,เรียกคิว,พร้อมรับ
1132,283,ส่งมอบสำเร็จ,เสร็จสิ้น
1133,284,ส่งเข้า KDS,รอดำเนินการ
1134,284,บาริสต้ารับออเดอร์,กำลังทำ
1135,284,เรียกคิว,พร้อมรับ
1136,284,ส่งมอบสำเร็จ,เสร็จสิ้น
1137,285,ส่งเข้า KDS,รอดำเนินการ
1138,285,บาริสต้ารับออเดอร์,กำลังทำ
1139,285,เรียกคิว,พร้อมรับ
1140,285,ส่งมอบสำเร็จ,เสร็จสิ้น
1141,286,ส่งเข้า KDS,รอดำเนินการ
1142,286,บาริสต้ารับออเดอร์,กำลังทำ
1143,286,เรียกคิว,พร้อมรับ
1144,286,ส่งมอบสำเร็จ,เสร็จสิ้น
1145,287,ส่งเข้า KDS,รอดำเนินการ
1146,287,บาริสต้ารับออเดอร์,กำลังทำ
1147,287,เรียกคิว,พร้อมรับ
1148,287,ส่งมอบสำเร็จ,เสร็จสิ้น
1149,288,ส่งเข้า KDS,รอดำเนินการ
1150,288,บาริสต้ารับออเดอร์,กำลังทำ
1151,288,เรียกคิว,พร้อมรับ
1152,288,ส่งมอบสำเร็จ,เสร็จสิ้น
1153,289,ส่งเข้า KDS,รอดำเนินการ
1154,289,บาริสต้ารับออเดอร์,กำลังทำ
1155,289,เรียกคิว,พร้อมรับ
1156,289,ส่งมอบสำเร็จ,เสร็จสิ้น
1157,290,ส่งเข้า KDS,รอดำเนินการ
1158,290,บาริสต้ารับออเดอร์,กำลังทำ
1159,290,เรียกคิว,พร้อมรับ
1160,290,ส่งมอบสำเร็จ,เสร็จสิ้น
1161,291,ส่งเข้า KDS,รอดำเนินการ
1162,291,บาริสต้ารับออเดอร์,กำลังทำ
1163,291,เรียกคิว,พร้อมรับ
1164,291,ส่งมอบสำเร็จ,เสร็จสิ้น
1165,292,ส่งเข้า KDS,รอดำเนินการ
1166,292,บาริสต้ารับออเดอร์,กำลังทำ
1167,292,เรียกคิว,พร้อมรับ
1168,292,ส่งมอบสำเร็จ,เสร็จสิ้น
1169,293,ส่งเข้า KDS,รอดำเนินการ
1170,293,บาริสต้ารับออเดอร์,กำลังทำ
1171,293,เรียกคิว,พร้อมรับ
1172,293,ส่งมอบสำเร็จ,เสร็จสิ้น
1173,294,ส่งเข้า KDS,รอดำเนินการ
1174,294,บาริสต้ารับออเดอร์,กำลังทำ
1175,294,เรียกคิว,พร้อมรับ
1176,294,ส่งมอบสำเร็จ,เสร็จสิ้น
1177,295,ส่งเข้า KDS,รอดำเนินการ
1178,295,บาริสต้ารับออเดอร์,กำลังทำ
1179,295,เรียกคิว,พร้อมรับ
1180,295,ส่งมอบสำเร็จ,เสร็จสิ้น
1181,296,ส่งเข้า KDS,รอดำเนินการ
1182,296,บาริสต้ารับออเดอร์,กำลังทำ
1183,296,เรียกคิว,พร้อมรับ
1184,296,ส่งมอบสำเร็จ,เสร็จสิ้น
1185,297,ส่งเข้า KDS,รอดำเนินการ
1186,297,บาริสต้ารับออเดอร์,กำลังทำ
1187,297,เรียกคิว,พร้อมรับ
1188,297,ส่งมอบสำเร็จ,เสร็จสิ้น
1189,298,ส่งเข้า KDS,รอดำเนินการ
1190,298,บาริสต้ารับออเดอร์,กำลังทำ
1191,298,เรียกคิว,พร้อมรับ
1192,298,ส่งมอบสำเร็จ,เสร็จสิ้น
1193,299,ส่งเข้า KDS,รอดำเนินการ
1194,299,บาริสต้ารับออเดอร์,กำลังทำ
1195,299,เรียกคิว,พร้อมรับ
1196,299,ส่งมอบสำเร็จ,เสร็จสิ้น
1197,300,ส่งเข้า KDS,รอดำเนินการ
1198,300,บาริสต้ารับออเดอร์,กำลังทำ
1199,300,เรียกคิว,พร้อมรับ
1200,300,ส่งมอบสำเร็จ,เสร็จสิ้น
